,np.tanh(std_delta_len),instruction_difficulty,not_gamed_baseline.astype(float)
text_davinci_003,-1.8779414042275084,0.7539226647420575,-0.1508413143420818
Meta-Llama-3.1-8B,-1.8024724093911870,0.7567861489081720,-8.3461794222030452
