,np.tanh(std_delta_len),instruction_difficulty,not_gamed_baseline.astype(float)
bitnet_glan1.5_lr_2e-4_8k_4ep_temp0.7,-1.1174392124121753,-0.0911814634429422,-0.1542003345935214
bitnet_glan1.5_lr_2e-5_8k_4ep_temp0.7,-1.0630084111928249,-0.1052304435689896,-0.0846808646644223
glan1.5_sumloss_14664,-1.1846764096376368,-0.0734821374554881,-0.1398575758955179
bitnet,-1.2365296864559521,-0.0938966997488614,-0.4687990680000567
