,np.tanh(std_delta_len),instruction_difficulty,not_gamed_baseline.astype(float)
text_davinci_003,-1.8779414042275084,0.7539226647420575,-0.1508413143420818
Meta-Llama-3.1-8B,-1.8024724093911872,0.7567861489081720,-8.3461794222030452
Meta-Llama-3.1-8B-Instruct,-0.8346685244130893,-0.0544164503768170,-0.4150678079304685
tulu-lora-sft-llama3-8b-base,-1.3808774149034799,0.4218150718300577,-4.5151220410071717
